{
  "model_name": "logistic_regression",
  "model_type": "linear",
  "best_params": {
    "solver": "liblinear",
    "penalty": "l2",
    "C": 1
  },
  "performance_metrics": {
    "accuracy": 0.9736842105263158,
    "precision": 0.975609756097561,
    "recall": 0.9523809523809523,
    "f1": 0.963855421686747,
    "specificity": 0.9861111111111112,
    "roc_auc": 0.996362433862434,
    "avg_precision": 0.9948543519972092,
    "training_time": 0.003513813018798828,
    "prediction_time": 0.002007722854614258
  }
}